Text,Label
"She stared at the empty chair, feeling the weight of his absence settle deep in her chest.",Sadness
"Rain poured down as if the sky shared her sorrow, each drop echoing her silent tears.",Sadness
"His laughter once filled this house, but now silence pressed down on every room.",Sadness
"The memories, once warm and comforting, now felt like shards piercing her heart.",Sadness
"She walked slowly, lost in thoughts of what could have been, feeling a void she couldn’t fill.",Sadness
"A single tear slipped down her cheek as she reread the words that broke her heart.",Sadness
"Every corner of the town reminded him of her, and each memory felt like a heavy chain.",Sadness
"No words could capture the ache that echoed in his chest, constant and unyielding.",Sadness
"The dreams they had once shared drifted away, like leaves caught in an autumn wind.",Sadness
"He felt like a shadow of himself, barely holding on to the fragments of who he used to be.",Sadness
"He gazed out the window, feeling a deep ache in his heart that wouldn’t go away.",Sadness
"The silence in the room was overwhelming, a constant reminder of her absence.",Sadness
"His mind kept replaying the moments they shared, each one now filled with sorrow.",Sadness
"The emptiness of the house felt unbearable, as if life itself had been drained from it.",Sadness
"She sat alone, her thoughts weighed down by the heavy sadness that consumed her.",Sadness
"The old photo album brought tears to his eyes, reminding him of happier times.",Sadness
"The dark clouds seemed to mirror the gloom that had settled within her.",Sadness
"Her heart felt as though it had been shattered, each piece lost to the winds of time.",Sadness
"Every song on the radio reminded him of what he had lost.",Sadness
"He wandered aimlessly, unsure of where to go, lost in the pain of his grief.",Sadness
"Her laughter rang out, bright and infectious, lifting everyone’s spirits.",Joy
"He felt his heart soar as he reached the mountain’s peak, the world stretched out before him.",Joy
"She spun around in the rain, each drop making her feel more alive than ever.",Joy
"Winning the award was a dream come true; he could hardly believe it was real.",Joy
"The child’s eyes sparkled with joy as he tore open the wrapping paper.",Joy
"Reunited after years apart, they hugged tightly, their joy overflowing.",Joy
"Her smile was so wide it hurt her cheeks, but she didn’t care; happiness had taken over.",Joy
"He felt warmth spread through him as he watched the sun dip below the horizon, painting the sky.",Joy
"Dancing under the stars, she felt like the world was filled with magic.",Joy
"The excitement bubbled inside him as he realized that his hard work had finally paid off.",Joy
"His face lit up with a smile as he unwrapped the gift he’d always wanted.",Joy
"She danced in the rain, laughing freely, as the world seemed to stand still.",Joy
"The crowd cheered as the team won the championship, a moment of pure euphoria.",Joy
"They spent the afternoon in the park, sharing jokes and enjoying each other’s company.",Joy
"The news of her promotion left her grinning from ear to ear, overwhelmed with happiness.",Joy
"They embraced tightly, tears of joy streaming down their faces after years apart.",Joy
"The warmth of the sun on her face made her feel alive and content.",Joy
"His heart skipped a beat when he saw the surprise waiting for him at home.",Joy
"She felt as though she was walking on air, her happiness filling every step.",Joy
"His laughter echoed through the house, infecting everyone with his joy.",Joy
"As he looked into her eyes, he knew he’d found a home for his heart.",Love
"Their hands fit perfectly together, as if made for each other.",Love
"Every time she saw him, her heart skipped a beat, even after all these years.",Love
"He watched her laugh and thought, ‘This is everything I’ve ever wanted.’",Love
"The quiet moments shared between them felt more precious than words could express.",Love
"She held his hand tightly, promising silently to stay by his side forever.",Love
"In his embrace, she felt safe, cherished, and truly loved.",Love
"The way he looked at her made her feel like the most beautiful person in the world.",Love
"They communicated without words, understanding each other on a soul-deep level.",Love
"With each passing day, their love grew stronger, a bond forged through trust and kindness.",Love
"They shared a quiet moment, just holding hands, as if the world had paused for them.",Love
"Every glance exchanged between them was filled with unspoken affection.",Love
"He whispered sweet words into her ear, and she felt her heart swell with love.",Love
"Their love was a constant, unwavering force that kept them strong through tough times.",Love
"Every kiss felt like the first, full of passion and promise.",Love
"She felt her heart race every time he held her close, as if time itself had stopped.",Love
"Their love story was like a beautiful song, written just for them.",Love
"He always knew the right thing to say to make her smile, no matter how hard the day had been.",Love
"She had never felt more cherished than in his arms, surrounded by his warmth.",Love
"The way he looked at her made her feel like the most important person in the world.",Love
"His fists clenched involuntarily as he remembered the betrayal.",Anger
"Her voice shook with barely controlled rage as she confronted him.",Anger
"The unfairness of it all made his blood boil; he could barely contain his fury.",Anger
"She slammed the door, trying to release the anger bubbling inside her.",Anger
"Every word he spoke only added fuel to her simmering frustration.",Anger
"His face flushed red, and he felt the urge to yell, to make them understand his pain.",Anger
"She felt the anger rising, a storm she could no longer hold back.",Anger
"He couldn’t believe she’d lied to him, the betrayal stinging like a slap.",Anger
"Her patience snapped, and she unleashed a torrent of words she’d held back for too long.",Anger
"The injustice burned in his chest, a constant reminder of what he’d endured.",Anger
"The harsh words stung like a slap, and he could feel his blood boiling.",Anger
"He slammed his fist against the wall, unable to contain the fury inside.",Anger
"The constant disrespect only fueled her growing rage.",Anger
"His patience snapped as he was pushed to his breaking point.",Anger
"The injustice of it all made him see red, and he couldn’t stop himself from yelling.",Anger
"She was seething with anger, each word from him adding fuel to the fire.",Anger
"The betrayal cut deep, leaving him with a burning sense of injustice.",Anger
"He clenched his jaw, fighting to keep his temper in check.",Anger
"The lies were too much to bear, and his anger erupted in a torrent of words.",Anger
"She paced back and forth, her frustration building with each passing minute.",Anger
"She heard a noise behind her and froze, her heart pounding in her chest.",Fear
"His palms were sweaty as he approached the dark alley, feeling the prickling sensation of dread.",Fear
"She lay awake at night, her mind racing with worst-case scenarios.",Fear
"Every shadow seemed to move, filling him with an overwhelming sense of unease.",Fear
"He held his breath as he hid, afraid that the slightest sound would give him away.",Fear
"She clutched her friend’s hand, too scared to take another step forward.",Fear
"His stomach dropped as he read the message, fearing the worst.",Fear
"She felt a chill run down her spine, sensing that something wasn’t right.",Fear
"Each creak of the old house amplified her heartbeat, making her want to flee.",Fear
"The thought of failure haunted him, a fear that kept him awake at night.",Fear
"Her hands trembled as she stepped into the dark room, unsure of what awaited her.",Fear
"The shadows seemed to follow him, each creak of the floorboards sending chills down his spine.",Fear
"She heard a noise in the distance and froze, her heart racing with fear.",Fear
"Every step felt like a trap, and he couldn’t shake the feeling of being watched.",Fear
"His mind was filled with terrifying thoughts as he waited for the news.",Fear
"The hairs on the back of her neck stood up as she felt a presence in the room.",Fear
"She tried to shake off the unease, but it clung to her like a cold fog.",Fear
"His stomach churned with anxiety, unable to calm the fear that had taken hold.",Fear
"The unknown stretched before her, a vast and intimidating emptiness.",Fear
"He could barely breathe, overwhelmed by the paralyzing fear of what was to come.",Fear
"Her eyes widened as he got down on one knee, completely caught off guard.",Surprise
"He opened the door to a room filled with friends, shocked at the surprise party waiting for him.",Surprise
"She gasped in disbelief as she saw her name on the award list.",Surprise
"The unexpected promotion left him speechless, excitement quickly taking over.",Surprise
"She couldn’t believe her eyes when she found the gift; it was exactly what she’d always wanted.",Surprise
"His jaw dropped as the fireworks lit up the sky in unexpected colors.",Surprise
"She laughed in surprise when he suddenly scooped her up and spun her around.",Surprise
"He found himself staring, unable to comprehend the unexpected twist in the story.",Surprise
"She looked around, utterly amazed by the transformation of her backyard for the event.",Surprise
"He stood there, blinking, struggling to process the unexpected news.",Surprise
"He blinked in disbelief when the door opened to reveal a surprise guest.",Surprise
"She gasped as the news hit her, unable to process the unexpected turn of events.",Surprise
"The sudden announcement left him speechless, his mind racing to catch up.",Surprise
"The unexpected twist in the story left her on the edge of her seat.",Surprise
"He jumped in surprise when the phone rang with news he wasn’t expecting.",Surprise
"Her jaw dropped when she saw the surprise party waiting for her at home.",Surprise
"The sudden change in plans caught him off guard, but he was excited for the adventure.",Surprise
"She stood frozen, her eyes wide with astonishment as the truth was revealed.",Surprise
"His heart skipped a beat when he realized what had just happened.",Surprise
"The unexpected compliment left her blushing, unsure of how to respond.",Surprise